{"T_mu": 0.2924022831050228, "T_sd": 0.3255482463549588, "r_mu": 0.025470841728192927, "r_sd": 0.014318752254329442, "q_mu": 0.015164107976135533, "q_sd": 0.00827727930400257}